[{"inputs": ["wool", "wool", "wool", "planks", "planks", "planks", null, null, null], "output": {"item": "bed", "amount": 1}}, {"inputs": ["nether_portal", "cobblestone", null, null, null, null, null, null, null], "output": {"item": "blackstone", "amount": 1}}, {"inputs": ["nether_bricks", "enchanted_compass", null, null, null, null, null, null, null], "output": {"item": "blaze", "amount": 1}}, {"inputs": ["blaze_rod", null, null, null, null, null, null, null, null], "output": {"item": "blaze_powder", "amount": 2}}, {"inputs": ["blaze", "diamond_sword", null, null, null, null, null, null, null], "output": {"item": "blaze_rod", "amount": 1}}, {"inputs": ["paper", "paper", null, "paper", "leather", null, null, null, null], "output": {"item": "book", "amount": 1}}, {"inputs": ["planks", "planks", "planks", "book", "book", "book", "planks", "planks", "planks"], "output": {"item": "bookshelf", "amount": 1}}, {"inputs": ["planks", "planks", "planks", "planks", null, "planks", "planks", "planks", "planks"], "output": {"item": "chest", "amount": 1}}, {"inputs": ["log", "log", null, "log", "log", null, null, null, null], "output": {"item": "coal", "amount": 1}}, {"inputs": ["water", null, "lava", null, null, null, null, null, null], "output": {"item": "cobblestone", "amount": 8}}, {"inputs": [null, "iron_ingot", null, "iron_ingot", "redstone_dust", "iron_ingot", null, "iron_ingot", null], "output": {"item": "compass", "amount": 1}}, {"inputs": ["raw_copper", "raw_copper", "raw_copper", "raw_copper", "furnace", "raw_copper", "raw_copper", "raw_copper", "raw_copper"], "output": {"item": "copper_ingot", "amount": 8}}, {"inputs": [null, "cobblestone", null, "cobblestone", "map", "cobblestone", null, "cobblestone", null], "output": {"item": "copper_ore", "amount": 8}}, {"inputs": ["fence", "fence_gate", "fence", "fence", "wheat", "fence", "fence", "fence", "fence"], "output": {"item": "cow", "amount": 1}}, {"inputs": [null, "diamond_ore", null, "diamond_ore", "iron_pickaxe", "diamond_ore", null, "diamond_ore", null], "output": {"item": "diamond", "amount": 4}}, {"inputs": [null, "lapis_lazuli", null, "lapis_lazuli", "map", "lapis_lazuli", null, "lapis_lazuli", null], "output": {"item": "diamond_ore", "amount": 8}}, {"inputs": ["diamond", null, null, "diamond", null, null, "stick", null, null], "output": {"item": "diamond_sword", "amount": 1}}, {"inputs": ["dirt", "iron_shovel", null, null, null, null, null, null, null], "output": {"item": "dirt_path", "amount": 1}}, {"inputs": ["planks", "planks", null, "planks", "planks", null, "planks", "planks", null], "output": {"item": "door", "amount": 1}}, {"inputs": ["portal_frame_with_eye", "portal_frame_with_eye", "portal_frame_with_eye", "portal_frame_with_eye", "lava", "portal_frame_with_eye", "portal_frame_with_eye", "portal_frame_with_eye", "portal_frame_with_eye"], "output": {"item": "dragon", "amount": 1}}, {"inputs": ["bed", "bed", "bed", "bed", "dragon", "bed", "bed", "bed", "bed"], "output": {"item": "dragon_egg", "amount": 1}}, {"inputs": ["bookshelf", "lapis_lazuli", "bookshelf", "bookshelf", "book", "bookshelf", "bookshelf", "enchanting_table", "bookshelf"], "output": {"item": "enchanted_book", "amount": 1}}, {"inputs": ["compass", "enchanted_book", null, null, null, null, null, null, null], "output": {"item": "enchanted_compass", "amount": 1}}, {"inputs": [null, "book", null, "diamond", "obsidian", "diamond", "obsidian", "obsidian", "obsidian"], "output": {"item": "enchanting_table", "amount": 1}}, {"inputs": [null, "gold_ingot", null, "gold_ingot", "piglin", "gold_ingot", null, "compass", null], "output": {"item": "ender_pearl", "amount": 2}}, {"inputs": ["ender_pearl", "blaze_powder", null, null, null, null, null, null, null], "output": {"item": "eye_of_ender", "amount": 1}}, {"inputs": ["planks", "stick", "planks", "planks", "stick", "planks", null, null, null], "output": {"item": "fence", "amount": 1}}, {"inputs": ["stick", "planks", "stick", "stick", "planks", "stick", null, null, null], "output": {"item": "fence_gate", "amount": 1}}, {"inputs": ["gravel", "gravel", "gravel", "gravel", "gravel", "gravel", "gravel", "gravel", "gravel"], "output": {"item": "flint", "amount": 1}}, {"inputs": ["flint", "iron_ingot", null, null, null, null, null, null, null], "output": {"item": "flint_and_steel", "amount": 1}}, {"inputs": ["cobblestone", "cobblestone", "cobblestone", "cobblestone", "coal", "cobblestone", "cobblestone", "cobblestone", "cobblestone"], "output": {"item": "furnace", "amount": 1}}, {"inputs": ["gold_nugget", "gold_nugget", "gold_nugget", "gold_nugget", "blackstone", "gold_nugget", "gold_nugget", "gold_nugget", "gold_nugget"], "output": {"item": "gilded_blackstone", "amount": 1}}, {"inputs": ["sand", "sand", "sand", "sand", "furnace", "sand", "sand", "sand", "sand"], "output": {"item": "glass", "amount": 8}}, {"inputs": ["raw_gold", "raw_gold", "raw_gold", "raw_gold", "furnace", "raw_gold", "raw_gold", "raw_gold", "raw_gold"], "output": {"item": "gold_ingot", "amount": 8}}, {"inputs": ["gold_ingot", null, null, null, null, null, null, null, null], "output": {"item": "gold_nugget", "amount": 9}}, {"inputs": [null, "iron_ingot", null, "iron_ingot", "map", "iron_ingot", null, "iron_ingot", null], "output": {"item": "gold_ore", "amount": 8}}, {"inputs": [null, "cobblestone", null, "cobblestone", "iron_shovel", "cobblestone", null, "cobblestone", null], "output": {"item": "gravel", "amount": 4}}, {"inputs": [null, "dirt_path", null, "dirt_path", "dirt", "dirt_path", null, "dirt_path", null], "output": {"item": "hay_bale", "amount": 1}}, {"inputs": ["raw_iron", "raw_iron", "raw_iron", "raw_iron", "furnace", "raw_iron", "raw_iron", "raw_iron", "raw_iron"], "output": {"item": "iron_ingot", "amount": 8}}, {"inputs": [null, "copper_ingot", null, "copper_ingot", "map", "copper_ingot", null, "copper_ingot", null], "output": {"item": "iron_ore", "amount": 8}}, {"inputs": ["iron_ingot", "iron_ingot", "iron_ingot", null, "stick", null, null, "stick", null], "output": {"item": "iron_pickaxe", "amount": 1}}, {"inputs": ["iron_ingot", null, null, "stick", null, null, "stick", null, null], "output": {"item": "iron_shovel", "amount": 1}}, {"inputs": [null, "gold_ingot", null, "gold_ingot", "map", "gold_ingot", null, "gold_ingot", null], "output": {"item": "lapis_lazuli", "amount": 8}}, {"inputs": ["cow", "diamond_sword", null, null, null, null, null, null, null], "output": {"item": "leather", "amount": 2}}, {"inputs": ["copper_ingot", null, null, "copper_ingot", null, null, "copper_ingot", null, null], "output": {"item": "lightning_rod", "amount": 1}}, {"inputs": ["paper", "paper", "paper", "paper", "paper", "paper", "paper", "paper", "paper"], "output": {"item": "map", "amount": 1}}, {"inputs": ["cobblestone", "cobblestone", "cobblestone", "cobblestone", null, "trapdoor", "cobblestone", "cobblestone", "cobblestone"], "output": {"item": "mob_spawner", "amount": 1}}, {"inputs": ["nether_rack", "nether_rack", "nether_rack", "nether_rack", "furnace", "nether_rack", "nether_rack", "nether_rack", "nether_rack"], "output": {"item": "nether_brick", "amount": 8}}, {"inputs": ["nether_brick", "nether_brick", null, "nether_brick", "nether_brick", null, null, null, null], "output": {"item": "nether_bricks", "amount": 1}}, {"inputs": ["obsidian", "obsidian", "obsidian", "obsidian", "flint_and_steel", "obsidian", "obsidian", "obsidian", "obsidian"], "output": {"item": "nether_portal", "amount": 1}}, {"inputs": [null, "dirt", null, "dirt", "nether_portal", "dirt", null, "dirt", null], "output": {"item": "nether_rack", "amount": 4}}, {"inputs": ["water", null, null, "lava", null, null, null, null, null], "output": {"item": "obsidian", "amount": 1}}, {"inputs": ["villager", "chest", null, null, null, null, null, null, null], "output": {"item": "paper", "amount": 9}}, {"inputs": ["fence", "fence_gate", "fence", "fence", "potato", "fence", "fence", "fence", "fence"], "output": {"item": "pig", "amount": 1}}, {"inputs": ["pig", "pig", "pig", "pig", "pigstep", "pig", "pig", "pig", "pig"], "output": {"item": "piglin", "amount": 8}}, {"inputs": ["gilded_blackstone", "enchanted_compass", null, null, null, null, null, null, null], "output": {"item": "pigstep", "amount": 1}}, {"inputs": ["log", null, null, null, null, null, null, null, null], "output": {"item": "planks", "amount": 4}}, {"inputs": [null, "eye_of_ender", null, "eye_of_ender", "compass", "eye_of_ender", null, null, null], "output": {"item": "portal_frame", "amount": 8}}, {"inputs": ["portal_frame", "eye_of_ender", null, null, null, null, null, null, null], "output": {"item": "portal_frame_with_eye", "amount": 1}}, {"inputs": ["zombie", "zombie", "zombie", "zombie", "diamond_sword", "zombie", "zombie", "zombie", "zombie"], "output": {"item": "potato", "amount": 8}}, {"inputs": [null, "copper_ore", null, "copper_ore", "stone_pickaxe", "copper_ore", null, "copper_ore", null], "output": {"item": "raw_copper", "amount": 4}}, {"inputs": [null, "gold_ore", null, "gold_ore", "iron_pickaxe", "gold_ore", null, "gold_ore", null], "output": {"item": "raw_gold", "amount": 4}}, {"inputs": [null, "iron_ore", null, "iron_ore", "stone_pickaxe", "iron_ore", null, "iron_ore", null], "output": {"item": "raw_iron", "amount": 4}}, {"inputs": ["witch", "diamond_sword", null, null, null, null, null, null, null], "output": {"item": "redstone_dust", "amount": 1}}, {"inputs": ["planks", "planks", "planks", null, null, null, null, null, null], "output": {"item": "slab", "amount": 6}}, {"inputs": ["planks", null, null, "planks", null, null, null, null, null], "output": {"item": "stick", "amount": 4}}, {"inputs": ["cobblestone", "cobblestone", "cobblestone", null, "stick", null, null, "stick", null], "output": {"item": "stone_pickaxe", "amount": 1}}, {"inputs": [null, "gold_ingot", null, "gold_ingot", "piglin", "gold_ingot", null, "tripwire_hook", null], "output": {"item": "string", "amount": 2}}, {"inputs": ["planks", "planks", "planks", "planks", "planks", "planks", null, null, null], "output": {"item": "trapdoor", "amount": 2}}, {"inputs": ["iron_ingot", null, null, "stick", null, null, "planks", null, null], "output": {"item": "tripwire_hook", "amount": 2}}, {"inputs": ["slab", "planks", "slab", "glass", null, "door", "planks", "planks", "planks"], "output": {"item": "villager", "amount": 1}}, {"inputs": ["hay_bale", null, null, null, null, null, null, null, null], "output": {"item": "wheat", "amount": 9}}, {"inputs": ["villager", "lightning_rod", null, null, null, null, null, null, null], "output": {"item": "witch", "amount": 1}}, {"inputs": ["string", "string", null, "string", "string", null, null, null, null], "output": {"item": "wool", "amount": 1}}, {"inputs": ["mob_spawner", null, null, null, null, null, null, null, null], "output": {"item": "zombie", "amount": 4}}]